term,freq
maintenance,6159
equipment,2548
repair,2143
experience,1744
technician,1592
work,1504
opportunity,1472
service,1347
position,1281
hand,1238
team,1227
company,1171
system,1050
career,1028
aerotek,931
community,889
status,882
benefit,870
duty,812
ability,797
apartment,769
property,765
facility,742
plumbing,738
year,726
machine,726
commercial,706
production,693
safety,683
support,675
skill,672
time,669
part,659
tool,658
candidate,651
management,639
hvac,627
resident,617
job,616
area,613
knowledge,609
customer,596
building,587
contract,569
employer,556
troubleshooting,550
disability,545
people,542
application,538
group,526
day,516
machinery,513
shift,507
office,489
manufacturing,478
problem,471
plc,461
success,455
law,451
age,447
employee,439
environment,431
regard,430
responsibility,427
401k,426
operation,424
classification,424
subsidiary,424
characteristic,423
color,422
specialist,421
race,418
origin,417
religion,417
sex,417
allegis,412
call,411
hour,411
staffing,407
plant,403
control,402
program,401
order,394
wage,388
\\r\\r,381
nation,373
training,355
path,353
carpentry,347
unit,345
\\r,345
emergency,344
staffing&#174,338
background,334
painting,331
motor,328
quality,317
technicians,315
issue,310
industry,306
engineering,306
power,300
request,299
drug,297
supervisor,293
task,287
client,283
school,272
appliance,271
test,268
installation,262
record,259
variety,254
water,254
insurance,253
level,253
home,252
archstone,245
process,244
hydraulic,242
life,239
procedure,238
policy,234
construction,232
project,231
ground,226
pneumatic,226
replacement,224
resume,224
condition,223
individual,222
component,221
state,221
manager,221
requirement,220
weekend,214
need,214
associate,213
package,213
welding,211
member,207
development,205
troubleshoot,203
plan,201
air,198
professional,197
standard,194
hire,194
blueprint,193
manner,186
electrical,186
line,183
product,183
food,180
detail,180
estate,180
plus,180
completion,179
activity,174
self,173
communication,173
growth,170
leader,170
material,169
driver,169
wiring,168
role,166
snow,165
assist,165
fixture,165
vision,164
check,163
overtime,162
fire,162
improvement,162
heating,160
understanding,159
certification,159
world,158
inventory,156
opening,156
action,156
person,155
phase,154
tech,153
supply,153
shop,153
diploma,152
inspection,151
code,150
use,150
function,150
schedule,149
fabrication,148
staff,148
business,148
cnc,147
computer,146
inc.,146
site,146
packaging,145
supervision,139
department,138
attention,138
health,138
holiday,137
place,137
vendor,137
automotive,137
device,137
term,136
employment,136
type,135
location,132
door,132
performs,127
a,124
trade,123
provider,123
assistance,123
cleaning,123
-,123
wall,121
center,121
removal,120
drawing,120
care,119
degree,119
city,118
housing,118
floor,117
change,117
manufacturer,117
refrigeration,116
trouble,115
labor,114
c,114
commitment,114
salary,113
assembly,111
performance,111
metal,110
regulation,110
living,110
pump,108
information,108
license,107
drywall,106
lighting,106
vacation,106
month,105
difference,105
mechanic,105
hotel,104
education,104
conveyor,104
supplier,104
window,103
_,102
concern,101
drive,101
logic,100
general,99
minimum,98
structure,98
value,98
item,98
partners,97
working,97
storage,97
functions,96
dominium,95
press,95
applicant,95
lathe,94
bulb,94
schematic,93
%,93
equal,93
distribution,93
goal,93
personnel,92
pipe,92
industrial,91
camt,90
night,90
circuit,90
pm,90
osha,89
boiler,89
maintain,88
class,87
accordance,87
housekeeping,87
technical,87
basis,87
ladder,87
\\r-,86
situation,86
number,86
firm,85
north,85
appearance,85
operator,84
aspect,84
report,84
reason,84
respond,84
instrument,83
mechanical,83
programming,83
pool,83
lock,82
volt,82
trash,82
technology,82
conam,82
range,82
install,82
allen,81
tile,81
family,81
respect,80
switch,80
instruction,80
satisfaction,80
market,79
entry,79
manual,78
operating,78
malfunction,78
placement,78
print,78
pay,78
equipment.\\r,77
united,77
efficiency,76
compliance,76
tenant,76
room,74
\\r\\n\\r\\nwe,74
services,74
filter,74
today,74
states,73
availability,73
rotation,73
email,72
breakdown,72
perform,72
dental,72
landscaping,71
diagram,71
week,71
wellness,71
big,71
coverage,71
cost,71
direction,70
description,70
\\n\\t\\t\\t\\t\\t\\t\\r\\r\\r\\n\\t\\t\\t\\t\\t\\tjoin,70
molding,70
practice,70
screen,69
solution,69
ac,68
wire,68
processing,67
faucet,67
forklift,66
drill,66
addition,66
retirement,66
contractor,65
\\rmaintenance,65
keeping,65
bradley,64
spunkmeyer,64
compensation,64
precision,64
mill,64
tx,64
qualification,64
america,63
e,63
engineer,63
carpet,63
lookout,63
bonus,63
speed,62
valve,62
datum,62
m,62
utility,62
house,62
log,62
other,62
chemical,61
up,61
duties,60
injection,59
ii,59
assignment,59
worker,59
high,59
document,59
bell,58
authority,58
way,58
set,58
follow,58
hair,58
ownership,57
adjustment,57
spending,57
handling,57
vehicle,57
responsibilities,57
star,57
conditioning,57
p.m.,56
thing,56
lift,56
f,56
dc,55
maintains,55
toilet,55
in,55
discount,55
investment,55
follicle,55
sale,55
nyse,54
starter,54
voltage,54
mission,54
downtime,53
gas,53
workplace,53
light,53
properties,53
design,53
corporation,52
heat,52
testing,52
rule,52
ice,52
grinder,51
word,51
ohio,51
purchase,51
robotic,51
senior,51
organization,50
source,50
k,50
adecco,50
key,50
electronic,49
robot,49
co,49
excellence,49
access,49
compressor,49
kind,48
guideline,48
failure,48
target,48
heater,48
direct,48
roofing,48
ged,47
a.m.,47
"b""maintenance",47
nc,47
preventive,47
hr,47
designation,47
contact,47
division,47
green,47
move,47
ammonia,47
\\rbell,46
mile,46
relay,46
vfd,46
eoe,45
truck,45
attitude,45
furnace,45
cmms,45
roof,45
driving,45
meter,45
consideration,45
summary,45
evening,45
archstones,45
inspect,44
bsl,44
systems,44
exterior,44
needed.\\r,44
objective,44
coast,44
assists,44
required\\r\\n,44
\\ressential,44
preventative,44
effort,44
flexible,43
foot,43
gutter,43
out,43
player,43
session,43
stock,43
epa,43
rate,43
search,43
belt,43
history,43
specification,42
accounts,42
integrity,42
servo,42
prescription,42
transportation,42
\\r\\nmust,42
free,42
side,42
automation,42
responsibilities:\\r\\r\\r,41
fl,41
pressure,41
electrician,41
monday,41
servicing,41
diagnose,41
frequency,41
tn,41
bearing,41
field,41
security,41
shooting,40
plastic,40
guest,40
progress,40
aptitude,40
interaction,40
new,40
panel,40
lb,39
interest,39
country,39
website,39
expectation,39
choice,39
d,39
paint,39
required.\\r,39
paid,39
repair.\\r,39
title,38
documentation,38
steel,38
injury,38
forest,38
assigned.\\r,38
furniture,38
dishwasher,38
reimbursement,38
maintenance.\\r,37
dallas,37
pound,37
gear,37
repair\\r,37
west,37
space,37
modification,37
tier,37
box,37
brand,37
chiller,37
arc,37
accident,37
method,37
electrical\\r,37
environmental,37
skills.\\r,37
automobile,36
energy,36
conditioner,36
pride,36
wood,36
tank,36
leadership,36
assess,36
monitor,36
physical,36
purpose,36
upkeep,36
proof,36
compactor,36
drury,36
park,35
name,35
priority,35
waste,35
advancement,35
asset,35
repairs.\\r,35
student,35
journeyman,35
conduit,35
piping,34
tower,34
off,34
course,34
show,34
requirements,34
inc,34
core,34
liability,34
technician\\r,34
result,34
engine,34
flow,34
skills,34
ceiling,34
sketch,33
relocation,33
electricity,33
gauge,33
irrigation,33
link,33
owner,33
suppression,33
assigned\\r,33
silos,33
generation,33
austin,33
store,33
friday,33
replace,33
\\r\\r\\r\\r,33
surface,33
plcs,32
requisition,32
privacy,32
specialty,32
complete,32
pager,32
deficiency,32
basic,32
compute,32
fanuc,32
saw,32
following,32
lot,32
ventilation,32
\\r\\r\\radditional,32
gnp,32
otis,32
asphalt,32
you!\\r\\rotis,32
fax,32
mig,31
lawn,31
lead,31
charlotte,31
communicate,31
llc,31
siemens,31
hardware,31
workload,31
participate,31
sewer,31
technique,30
lubrication,30
counter,30
resolution,30
.,30
apartments,30
cbre,30
contribution,30
crane,30
apparatus,30
electric,29
accommodation,29
outlet,29
planning,29
cut,29
laser,29
nestl,29
expertise,29
lifting,29
\\rthe,29
acquisition,29
enterprises,29
recognition,29
network,29
parking,29
fortune,29
sheet,29
warehouse,29
reliability,29
responsible,29
\\r\\n\\r\\nour,29
transfer,29
end,29
hospitality,29
kansas,28
culture,28
help,28
hydraulics,28
analysis,28
temperature,28
gmp,28
focus,28
must,28
style,28
collection,28
conduct,28
turnover,28
rent,28
garden,28
approach,28
reputation,28
illinois,28
ensure,28
la,28
interior,28
winter,28
review,28
combination,28
solver,27
initiative,27
lifestyle,27
relationship,27
address,27
piece,27
setup,27
milling,27
glass,27
greensboro,27
residential,27
torch,27
hazard,27
art,27
willingness,27
chain,27
don''t,27
ticket,27
protection,27
research,27
necessary.\\r,27
operates,27
welder,27
today!\\r\\n\\r\\n\\r\\n\\r\\nwe,26
elevator,26
visit,26
affiliate,26
\\r\\r\\r,26
phone,26
rise,26
ada,26
mold,26
cutting,26
cause,26
beverage,26
able,26
\\rposition,26
steam,26
eye,26
sprinkler,26
equipment.\\r\\n,26
medical,26
townhome,26
resource,26
reading,26
transaction,26
reward,26
shelf,25
disposal,25
systems.\\r,25
facilities,25
instrumentation,25
generator,25
eligibility,25
college,25
machining,25
ga,25
v,25
qualifications:\\r\\n,25
mechanics,25
sensor,25
passion,24
supervisor.\\r\\ressential,24
upgrade,24
associates,24
meeting,24
mail,24
station,24
glick,24
travel,24
premier,24
go,24
saving,24
attendance,24
procedures.\\r,24
controller,24
on-2,24
"b""at",24
leave,24
portfolio,24
pc,24
\\r&bull,24
kitchen,24
productivity,24
complie,23
period,23
ndash,23
principle,23
\\r\\r-,23
fort,23
hours,23
dollar,23
government,23
lake,23
kelly,23
lexington,23
payroll,23
living.\\r,23
voice,23
tagline,23
feeling,23
measurement,23
demand,23
duct,23
appeal,23
oil,23
refrigerator,22
technician\\r\\njob,22
case,22
pallet,22
am,22
familiarity,22
adherence,22
mind,22
\\r\\nwe,22
al,22
talent,22
skills\\r,22
work.\\r,22
changeover,22
list,22
ky,22
decision,22
responsibilities:\\r\\r,22
calibration,22
base,22
deposit,22
exp,22
drilling,21
curb,21
software,21
proficiency,21
il,21
receptacle,21
\\r\\rmaintenance,21
volume,21
south,21
campus,21
dairy,21
\\r2,21
setting,21
english,21
dismantle,21
ccrc,21
programs,21
tuition,21
auto,21
incentive,21
continuum,21
cleanliness,21
factory,21
recommendation,21
\\rwe,21
capital,20
cylinder,20
lifestyles,20
flooring,20
fitting,20
fork,20
layout,20
own!\\r\\rwe're,20
fan,20
agency,20
delivery,20
days,20
aimco,20
coordination,20
technician\\r\\n,20
option,20
vacuum,20
investor,20
transmission,20
fmi,20
\\r4,20
ca,20
manner.\\r,20
valid,20
flexibility,20
motors,20
pneumatics,20
paper,20
interview,20
communities,20
us,20
pizza,20
national,20
worth,20
duties.\\r,19
measure,19
turn,19
land,19
\\r\\nfollow,19
stockroom,19
implementation,19
responsibilities:\\r\\n,19
#,19
1st,19
clean,19
fabricate,19
rebuild,19
break,19
right,19
archstoneapartments.com.\\r\\narchstone,19
greatdifferent,19
\\r\\nexperience,19
\\r\\nwilling,19
for:\\r\\nchoice,19
\\r\\ntuition,19
\\r\\ntraining,19
propertyto,19
required.\\r\\n\\r\\n,19
\\r\\nprioritize,19
\\r\\nreads,19
wrench,19
\\r\\r\\rvillage,19
indianapolis,19
leak,19
operations,19
zip,19
\\r\\na,19
drain,19
shoot,19
essential,19
profit,19
leasing,19
caliper,19
board,19
ballast,19
diagnosis,18
iso,18
top,18
companies,18
idea,18
question,18
ms,18
blow,18
consumer,18
notch,18
transformer,18
microsoft,18
voltmeter,18
awareness,18
form,18
\,18
motion,18
supervisor.\\r,18
date,18
recovery,18
diversity,18
locksmithing,18
load,18
solutions,18
make,18
tooling,18
sink,18
weld,18
start,18
dryer,18
orientation,18
equivalent,18
weekendsbenefits\\r\\nat,18
maint,17
sense,17
shaft,17
\\rplease,17
keeps,17
turns\\r\\n,17
projects.\\r,17
adhere,17
weather,17
jig,17
cell,17
\\r6,17
approval,17
university,17
\\r8,17
occupancy,17
grinding,17
workforce,17
\\r\\n\\r\\na,17
village,17
multimeter,17
detainee,17
defect,17
pla,17
hoist,17
future,17
luxury,17
noise,17
dock,17
probe,17
renovation,17
\\r\\rresponsibilitie,17
ny,16
\\rlimited,16
excel,16
\\r\\nwork,16
personal,16
usage,16
inspects,16
lockout,16
entry\\r,16
amenity,16
fluorescent,16
corrugator,16
assemble,16
tag,16
challenge,16
restaurant,16
\\n\\n\\t\\t\\t\\t\\t\\t\\r\\r\\r\\n\\t\\t\\t\\t\\t\\tjoin,16
\\r\\nlocation,16
establishment,16
temp,16
debris,16
tape,16
controls,16
related,16
complex,16
apprenticeship,16
scheduling,16
apply,16
\\r\\rwe,16
visitor,16
employe,16
los,16
resources,16
\\r\\n\\r\\ncandidates,16
cable,16
angeles,16
oscilloscope,16
mills,16
h,16
bar,16
punch,16
repairing,16
section,15
positions,15
mo,15
superintendent,15
\\rprimary,15
area.\\r,15
oem,15
manager.\\r,15
fountain,15
candidates,15
jack,15
aa,15
experience\\n,15
needed\\r\\n,15
editing,15
tools.\\r,15
vinyl,15
lean,15
functions.\\r,15
tig,15
\\r\\nhvac,15
kentucky,15
equipment.\\n,15
\\n,15
american,15
craft,15
\\n\\nour,15
\\r\\n\\r\\naerotek,15
potential,15
products,15
pa,15
\\r\\ras,15
chicago,15
beach,15
installs,15
hs,15
bin,15
primary,15
structures.\\r,15
works,15
companys,15
example,15
\\r\\n\\r\\nforest,15
survey,15
latitude,15
element,15
logistic,15
valley,15
s&p,15
county,15
eap).\\r\\n\\r\\n\\r\\napplicant,15
id,15
image,15
wash,15
mars,15
cincinnati,15
\\r\\n\\r\\n\\r\\nconam,15
electro,15
environment\\nmust,15
\\r7,15
hospital,15
\\r\\n\\r\\n\\r\\nour,15
alarm,15
\\runder,15
preferred\\r\\n,14
root,14
\\r\\ressential,14
global,14
europe,14
operations.\\r,14
turret,14
removalmust,14
gastonia,14
neighborhood,14
\\rthis,14
michigan,14
emergenciesstay,14
\\r3,14
experience.\\r\\nmust,14
fuel,14
plastics,14
response,14
philosophy,14
platform,14
square,14
container,14
extinguisher,14
letter,14
masonry,14
sign,14
workbench,14
\\r\\rthe,14
restroom,14
b.,14
sun,14
recruitment,14
basin,14
exit,14
dust,14
advantage,14
grounds.\\r,14
mansfield,14
parts.\\r,14
build,14
phoenix,14
possibleassess,14
guidance,14
san,14
equipment\\n-,14
roll,14
services.\\r\\n\\r\\nimmediate,14
strong,14
procurement,14
page,14
click,14
careers,14
environment.\\r,14
nature,14
exposure,14
paperwork,13
systems\\r\\n,13
\\r\,13
responsibilities\\r,13
real,13
equipment.\\r\\n\\r\\n,13
fair,13
chief,13
strength,13
florida,13
possibility,13
amp,13
maintaining,13
partnership,13
web,13
sterling,13
oldcastle,13
ft,13
filling,13
concept,13
laundry,13
on,13
downtown,13
fluid,13
\\r\\n\\r\\none,13
u.s.,13
coating,13
washing,13
washer,13
preservation,13
duties:\\r\\r,13
ks,13
ingredient,13
road,13
execution,13
areas.\\r,13
tpm,13
texas,13
modicon,13
mi,13
ge,13
discover,13
risk,13
premise,13
track,13
sidewalk,13
va,13
bakery,13
match,13
height,13
machines,12
math,12
insurance\\r,12
damage,12
statement,12
accuracy,12
toyota,12
aluminum,12
size,12
systems\\r,12
midwest,12
equipment\\r\\n,12
territory,12
trust,12
\\rjob,12
keywords,12
n.e.c.,12
cover,12
sizing,12
electronics,12
brookdale,12
effectiveness,12
signal,12
megohmeter,12
supports,12
gage,12
feature,12
event,12
on-3,12
die,12
shifts.\\n\\nhour,12
pneumatics.\\n\\nrequirements:\\ncandidate,12
systems.\\nexperience,12
bottom,12
consulting,12
\\r9,12
refurbishment,12
fume,12
staff.\\r,12
finger,12
gene,12
re,12
supervisor\\r,12
concrete,12
pc\,12
hickory,12
adjust,12
partition,12
advice,12
correspondence,12
accountability,12
income,12
indiana,12
community\\r\\n,12
falls,12
regulations.\\r,12
lamp,12
preparation,12
mount,12
vibration,12
insurancevacation,12
healthcare,12
holidayspaid,12
atmosphere\\rexcellence,12
bend,12
arm,12
incentivesemployee,12
yrs,12
traveler,12
get!\\rteam,12
stair,12
step,12
holidays\\rdiscount,12
hotels,12
plan401(k,12
hotels\\r,12
\\n\\n-,12
matchapartment,12
extrusion,12
teamwork,12
\\rwhat,12
custom,12
secret,12
insurance\\rshort,12
\\r\\r\\rmaintenance,12
entrance,12
managementmust,12
disability\\r401(k,12
capability,12
suggestion,12
budget,12
washington,12
\\r1,12
guard,12
salary\\rbenefit,12
differential,12
plan\\rpaid,12
plaster,12
property.\\r,12
ot,12
technician:\\r,12
description:\\rdue,12
workpla,12
license\\r\\n,11
distributor,11
powder,11
engineer\\r\\njob,11
grounds\\r\\n,11
mortgage,11
vehicles.\\r,11
ohmmeter,11
mooresville,11
areas.\\n\\nposition,11
\\n\\nmost,11
shift.\\n\\nall,11
facility.\\r,11
completes,11
impact,11
veteran,11
half)\\n\\r\\ncandidates,11
oversee,11
provide,11
measuring,11
condition.\\r,11
atmosphere,11
comply,11
minute,11
scale,11
participates,11
weight,11
diagrams.\\nmust,11
directs,11
experience\\r\\n,11
\\r\\nmaintenance,11
finishing,11
micrometer,11
jic.\\nhave,11
emphasis,11
producer,11
equipment.\\nmust,11
maintenance.\\nproven,11
train,11
fri,11
pyrometer,11
soldering,11
home.\\r\\n\\r\\nwe,11
md,11
bottle,11
district,11
york,11
nursing,11
columbus,11
bkd)\\r\\n\\r\\nwant,11
suite,11
scrap,11
setting\\r\\n,11
certificate,11
louisville,11
5s,11
maintenance\\r\\n,11
schedule.\\r,11
automated,11
distance,11
assure,11
st,11
carrying,11
arizona,11
forming,11
oh,11
cabinet,11
morganton,11
hire\\n\\nenvironment,11
judgment,11
learning,11
east,11
propertys,11
good,11
\\nplc,11
submit,11
stage,11
frame,11
copy,11
robotics,11
stamping,11
proximity,11
st.,10
federal,10
\\r\\n\\r\\nresponsible,10
experience.\\r,10
hole,10
az,10
cfc,10
involvement,10
tools\\r\\n,10
uniform,10
necessary\\r,10
valuation,10
fabricating,10
uptime,10
systems.\\nfour,10
expenditure,10
expansion,10
you?ll,10
sanitation,10
occupier,10
identifies,10
waxing,10
polishing,10
appraisal,10
long,10
estimate,10
plug,10
operations.\\ngood,10
price,10
equipment.\\nexperienced,10
freon,10
administrator,10
login,10
app,10
deadline,10
collaboration,10
parts,10
best.\\r\\n\\r\\nas,10
raleigh,10
pass,10
battery,10
association,10
computerized,10
incumbent,10
category,10
months)\\r\\nmust,10
experience\\r\\nability,10
ad,10
setting.\\n\\nrequirements:\\r\\nmust,10
plans,10
discipline,10
reoccurrence,10
graduate,10
overtime.\\n\\nduration,10
shifts.\\r\\nmust,10
align,10
routine,10
user,10
settings.\\r\\n,10
court,10
morristown,10
revenue).\\r\\n,10
uv,10
anniversary,10
weekends.\\r\\nmachine,10
password,10
midnight,10
manufacture,10
odor,10
screen.\\r\\n,10
grid,10
knife,10
trailer,10
shopping,10
millwood,10
service.\\r\\n\\r\\neoe,10
repair.\\r\\nrepairing,10
coworker,10
story,10
myhr,10
browser,10
http://cbre.com/careers.\\r\\n,10
tagout,10
experience.\\r\\nstrong,10
equipment.\\r\\nplc,10
\\r\\rthis,10
household,10
register,10
banking,10
point,10
kneel,10
scissor,10
dedication,10
partner,10
operate,10
cuisine,10
breaker,10
solvent,10
\\ra,10
username,10
club,10
filtration,10
conformance,10
"b""cbre",10
printing,10
franciscan,10
installing,10
lab,10
grease,10
cbg,10
repairs,10
plant.\\r,10
overhaul,10
glen,9
rochester,9
card,9
foundation,9
locksmith,9
maryland,9
welfare,9
director,9
soil,9
peer,9
mr.,9
jacksonville,9
sewage,9
barrett,9
wi,9
\\r\\ncontrol,9
update,9
2nd,9
scope,9
\\reducation,9
stripping,9
marketing,9
regional,9
educational,9
dog,9
\\r\\n\\r\\n\\r\\n\\r\,9
\\r\\rmajor,9
tolerance,9
circuits,9
fda,9
regulator,9
coordinate,9
depth,9
solving,9
\\r\\nshift,9
personnel.\\r,9
repairs\\r,9
optic,9
john,9
minnesota,9
cleans,9
detainees.\\r,9
crawl,9
achievement,9
pest,9
lease,9
audits,9
detection,9
notifies,9
screening,9
award,9
rehabilitation,9
\\rlocation,9
coolant,9
richmond,9
lubricant,9
locate,9
dominiumapartments.com/career,9
cad,9
expense,9
input,9
shareholder,9
\\rsupervisory,9
mon,9
presses,9
alter,9
construction\\r\\ncandidates,9
level\\r\\nthis,9
experience\\r\\nmust,9
v+,9
plus)\\r\\nmust,9
maintenance)\\r\\nmust,9
things\\r\\nmust,9
specifications,9
description\\r\\nmust,9
faurecia,9
seal,9
carolina,9
catalog,9
alignment,9
read,9
return,9
\\r\\n\\r\\njob,9
\\n-,9
connection,9
warranty,9
relation,9
\\n\\ncandidate,9
\\r\\ndiscover,9
bhs,9
output,9
climb,9
finding,9
\\rwhile,9
beam,9
requirements.\\r,9
lbs,9
street,8
innovator,8
rock,8
monica,8
apt,8
materials.\\r,8
pipefitting,8
issues.\\r,8
tube,8
plc.\\n\\t\\t\\t\\t\\t\\t\\r\\r\\r\\n\\t\\t\\t\\t\\t\\tjoin,8
i,8
satisfie,8
southwest,8
corporate,8
santa,8
\\rkey,8
allowance,8
\\r\\n\\r\\nlooking,8
required,8
description:\\n-,8
realty,8
telegr,8
feed,8
residence,8
manpower,8
protocol,8
transport,8
systems.\\r\\n,8
fault,8
budget.\\r,8
siding,8
none,8
carpentr,8
demonstrates,8
springfield,8
contactor,8
thursday,8
bkd,8
\\rability,8
chance,8
walk,8
assistant,8
boat,8
skills.\\r\\n,8
pick,8
amount,8
sc,8
robots,8
machines.\\r,8
lansing,8
interface,8
nj,8
ma,8
hills,8
master,8
filler,8
substance,8
o,8
brake,8
photo,8
usa,8
account,8
discretion,8
manner\\r,8
fashion,8
shifts\\r\\n,8
variation,8
movement,8
jackson,8
recruiting,8
initiate,8
expert,8
plan\\r,8
connecticut,8
hayman,8
msds,8
sub,8
mobile,8
flournoy,8
sop,8
behavior,8
louis,8
interact,8
assigne,8
island,8
hospitality\\rcomprehensive,8
crouch,8
mn,8
drivers,8
multi,8
benchmark,8
competition,8
tire,8
programmable,8
\\nmust,8
basismust,8
\\r\\nas,8
activities,8
controls.\\r,8
responsibilities\\r\\r,8
\\rresponsibilitie,8
hammer,8
organization.\\r,8
precaution,8
machinery.\\r,8
virginia,8
cpo,8
talk,8
\\r\\nthis,8
responsibilities:\\r,8
offbonus,8
loading,8
\\rrepairs,7
wallpaper,7
examines,7
\\r\\rthat,7
westgate,7
\\rperform,7
mop,7
specifications.\\r,7
great,7
climate,7
opportunities,7
ethic,7
portland,7
cooling,7
coffee,7
heritage,7
keep,7
\\r\\nability,7
hour.\\r,7
literate,7
days.\\r,7
film,7
universal,7
lathes,7
skilled,7
bedroom,7
alteration,7
indicator,7
round,7
inspector,7
consideratio,7
motivation,7
required.\\r\\n,7
grass,7
leaf,7
\\r\\neducation,7
schematics.\\r,7
conjunction,7
kaizen,7
participation,7
iii,7
limit,7
strategy,7
atlanta,7
techs,7
glove,7
cleanup,7
workshop,7
duties\\r,7
resistance,7
rd,7
broom,7
bay,7
cleveland,7
manufacturer&rsquo;s,7
prioritize,7
call.\\r,7
bridge,7
equipment.\\r\\r,7
needed\\r,7
\\r\\rbenefit,7
openings,7
r,7
lafayette,7
loto,7
premium,7
saturday,7
necessity,7
checklist,7
sharing,7
prepare,7
occurrence,7
shoe,7
e.,7
urgency,7
possible.\\r,7
drives,7
"b""\\rsummary",7
file,7
conveyer,7
reads,7
may,7
\\r\\n\\r\\nwe're,7
news,7
bilingual,7
tig).\\n\\npay,7
joe,7
non,7
kaplan,7
online,7
treatment,7
directed.\\r,7
cleaner,7
diagnostic,7
standing,7
plc\,7
supervisors,7
canada,7
lavatory,7
\\n\\n\\n\\t\\t\\t\\t\\t\\t\\r\\r\\r\\n\\t\\t\\t\\t\\t\\tjoin,7
party,7
mixer,7
technician\\n-,7
hill,7
monitoring,7
smoke,7
act,7
grand,7
machinery\\n-,7
client.\\r\\nresponsibilities:\\r\\n,7
parameter,7
leverage,7
california,7
leader\\r\\nand,7
inj,7
has\\r\\nan,7
proven,7
strive,7
least\\r\\n5,7
sector,7
automation.\\r\\nrobotics,7
employ,7
reprimand,7
systems\\r\\ntechnology,7
commission,7
run,7
strong\\r\\nmechanical,7
notification,7
environment.\\r\\nthis,7
ropak,7
bench,7
southwest\\r\\n1501,7
outlook,7
3rd,7
possess,7
carton,7
plu,7
innovation,7
body,7
business.\\r\\n,7
models.\\r\\n,7
trip,7
technicianropak,7
employees.\\r,7
salt,7
\\rwork,7
mp2,7
dial,7
permit,7
donaldson,7
evaluation,7
human,7
notice,7
excellent,7
woods,7
sound,7
fence,7
\\n3,7
hinge,7
stoppage,7
screw,7
alexandria,7
model,7
plumbing.\\r,7
reit,7
educationrequires,7
dexterity,7
answer,7
laptop,7
finish,7
skillsrequires,7
assigned.\\r\\r,7
circuitry,7
durham,7
time\\n\\r\\n,7
janitorial,7
incident,7
port,7
following:\\n\\n,7
correction,7
\\ras,7
select,7
shift\\npay,7
adjusts,6
alzheimer,6
\\r&middot,6
skill.\\r,6
tracking,6
preparedness,6
building.\\r,6
homes,6
philadelphia,6
snowplowing,6
spirit,6
positio,6
ppe,6
applicable-\\r\\n,6
scavenger,6
g.e.d.\\r\\n,6
perception,6
pathway,6
union,6
grover,6
cap,6
devices.\\r,6
formula,6
naamah,6
hr\\ncontract,6
dutie,6
ability.\\r,6
studio,6
settings\\n\\ndetails:\\ncandidate,6
turbine,6
shift.\\n\\t\\t\\t\\t\\t\\t\\r\\r\\r\\n\\t\\t\\t\\t\\t\\tjoin,6
view,6
motors\\nexperience,6
ford,6
format,6
wear,6
\\n\\nwe,6
multicraft,6
shift.\\n\\n\\nqualification,6
schematics\\nexperience,6
motoman,6
machinery\\nproficient,6
develop,6
facet,6
financing,6
plc's\\nexperience,6
wayne,6
experience\\nstrong,6
knoxville,6
retention,6
times.\\r,6
bag,6
j,6
daily,6
cgb,6
machinery.\\n\\ndutie,6
responsibilities:\\n-\\tperforms,6
responsibilityhas,6
tasks.\\r,6
grinders,6
habit,6
handyman,6
team\\r\\n,6
machinery\\r\\n,6
troubleshooting\\r\\n,6
equivalent\\r\\n,6
team.\\n\\nrequirements:\\n\\r\\n,6
\\n\\nmaintenance,6
planner,6
compound,6
man,6
rental,6
functions\\r\\n,6
fill,6
plasma,6
van,6
fun,6
pet,6
financial,6
t,6
preferred\\r\\n\\r\\nhow,6
summer,6
systems\\r&bull,6
wheel,6
sat,6
\\rworks,6
qc,6
crop,6
mosaic,6
procedures,6
partners&rsquo,6
\\rat,6
ugl,6
cement,6
caulking,6
compressors.\\r,6
fishing,6
disassembles,6
garland,6
lubricate,6
closer,6
for:\\n\\n,6
recommendations.\\r,6
swing,6
superior,6
stick,6
repair\\n,6
carmel,6
practices.\\r,6
finance,6
metro,6
foods,6
policyto,6
extruder,6
burlington,6
majority,6
v.,6
pto,6
packer,6
servos,6
oven,6
instruments.\\n-\\trepair,6
system.\\n-\\tread,6
probibus,6
24v,6
symbols.\\n-\\tread,6
blower,6
feedback,6
will,6
sioux,6
extent,6
\\rmajor,6
controllers,6
trim,6
offer,6
circumstance,6
prologis,6
seminar,6
call\\r\\n,6
rack,6
grain,6
observation,6
attend,6
representative,6
nec,6
making,6
facilitys,6
competence,6
object,6
assets,6
ethics,6
birmingham,6
requirements:\\nhigh,6
\\r\\rat,6
rehabs,6
needed.\\r\\n,6
hose,6
dfa,6
functioning,6
threading,6
problems.\\r,6
skills\\r\\n,6
blind,6
covering,6
description:\\r,6
northern,6
furnishing,6
hat,6
occasion,6
population,6
cesar,6
tubing,6
summary\\r,6
\\r\\n\\r\\nmust,6
rest,6
shut,6
coordinator,6
erect,6
responsibilities\\r\\r\\r,6
spring,6
oklahoma,6
troubleshoots,6
walling,6
retailer,6
records,6
reduction,6
storm,6
franklin,6
farm,6
vacuuming,6
creativity,6
abide,6
spill,6
red,6
plate,6
tyler,6
litter,6
gardens,6
licenses,6
applicable.\\r,6
qualifications,6
regulate,6
windows,6
nail,6
raleigh/,6
plier,6
bit,6
replaces,6
kit,6
farmer,6
salem,6
\\n\\njob,6
\\n-\\tmust,6
posting,6
matter,6
shift\\r\\n,6
details,6
certified,6
prevention,6
requirements\\r,6
founder,6
tester,6
royal,6
wtd,6
benefits,6
standardization,6
legacy,6
contractors.\\r,6
thinking,6
designing,6
confidentiality,6
rotating,6
oet,6
facebook,6
professionalism,6
matching,6
\\rexperience,6
equipman,6
\\r\\rrequirement,6
sealer,6
management.\\r,6
selection,6
\\r\\nconsider,6
longwood,6
shortage,6
roller,6
\\rdepartment,6
procedures.\\r\\n,6
westside,6
score,6
chambrel,6
archstoneapartments.com,6
foam,5
recycling,5
pushbutton,5
technician\\rlocal,5
trades,5
hmi,5
basis\\r,5
diesel,5
seasonal,5
fl.\\r,5
tests,5
duncan,5
spot,5
madison,5
heights,5
nashville,5
peak,5
switching,5
wisconsin,5
gauges.\\r,5
salon,5
motors.\\r,5
alliance,5
\\rdutie,5
v\\r\\n,5
garbage,5
overview,5
hiring,5
sausage,5
grounds,5
palletizer,5
houston,5
kong,5
transition,5
gourmet,5
description\\r\\n,5
responsibility.\\r\\rplease,5
welding\\n,5
supplies.\\r,5
enhancement,5
pumps\\r\\n,5
warren,5
\\rother,5
niema,5
delay,5
rivet,5
thank,5
back,5
environment\\n,5
implement,5
spanish,5
ms.\\n\\njob,5
sprocket,5
b,5
tampa,5
machines\\r,5
shoulder,5
\\rpaid,5
tractor,5
turning,5
summaryrepairs,5
crestliner,5
copper,5
associated,5
schematics\\n,5
revenue,5
boom,5
disassemble,5
www,5
include:\\n,5
a.,5
prioritizing,5
bus,5
to:\\r\\r,5
merrillville,5
de,5
verify,5
exam,5
charge,5
activities.\\n,5
assessment,5
experis,5
gearbox,5
tools).\\n\\nthis,5
screwdrivers,5
requirements:\\nstrong,5
materials,5
roofs.\\r,5
stairway,5
clearing,5
telephone,5
program(s,5
discount\\r\\nto,5
"b""volt",5
\\r\\rplease,5
perrett,5
mechanism,5
head,5
malfunctioning,5
hydrant,5
book,5
boxes,5
machines\\ngear,5
machines.\\n\\nplease,5
king,5
driver&rsquo;s,5
shelving,5
contactsworks,5
chart,5
qualify!\\r\\rresponsibilities:\\r\\r,5
dc\\r\\n,5
holdings,5
estates,5
surveys,5
standards.\\r,5
desire,5
dispenser,5
presentation,5
sunday,5
sheetrock,5
asheboro,5
\\rapplicant,5
edge,5
co.,5
residents.\\r,5
hopkinsville,5
auburn,5
desoto,5
continent,5
forklifts,5
machinist,5
\\n\\nto,5
metric,5
etc.)\\r,5
experience.\\r\\n,5
molder,5
preferre,5
pneumatics\\n-,5
display,5
ball,5
must\\r\\n,5
arbor,5
gm,5
tools\\n,5
abb,5
plc's.\\n\\t\\t\\t\\t\\t\\t\\r\\r\\r\\n\\t\\t\\t\\t\\t\\tjoin,5
fencing,5
tfpp,5
fastener,5
capper,5
twist,5
petroleum,5
mining,5
signage,5
checks,5
arrangement,5
omron,5
\\r\\n\\r\\nthis,5
\\r\\njob,5
meal,5
months.\\n\\t\\t\\t\\t\\t\\t\\r\\r\\r\\n\\t\\t\\t\\t\\t\\tjoin,5
experience\\n-,5
yr,5
rapids,5
records.\\r,5
treating,5
happen.\\r\\n\\r\\nwe,5
experience\\r,5
including:\\r,5
diagnoses,5
detroit,5
practices,5
haccp,5
sauce,5
\\r\\r\\rthe,5
modifie,5
outside,5
orders,5
theory,5
supervisors\\r,5
hook,5
full,5
supervise,5
exhaust,5
\\requal,5
\\rour,5
magazine,5
ideal,5
401k.,5
contribute,5
\\r\\rassist,5
bender,5
aid,5
catalogs.\\r,5
band,5
\\r\\nwho,5
supervision.\\r,5
roth,5
forklifts\\r,5
conservation,5
buffer,5
writing,5
pipeline,5
daniel,5
responsibilities:\\r1,5
account.\\r,5
coverage.\\r,5
afternoon,5
dependents.\\r,5
preferred.\\r\\rour,5
drainage,5
fresno,5
identification,5
prioritizes,5
lay,5
southern,5
investigation,5
w.,5
affirmative,5
mascot,5
gullifor,5
ohm,5
bill,5
occupational,5
position.\\r,5
\\n\\nif,5
functions:\\r\\r,5
shifts\\n,5
goggle,5
\\r\\rjob,5
production.\\r,5
greenwood,5
argus,5
\\r5,5
exchange,5
\\rhigh,5
time.\\r,5
shipment,5
toll,5
verbal,5
centers,5
assigned\\n\\n\\n\\nfor,5
compositiontile,5
\\r\\rjoin,5
sweep,5
\\r10,5
\\r13,5
bed,5
stability,5
technicia,5
mitsubishi,5
vegetation,5
sap,5
dilapidation,5
nut,5
neede,5
service.\\r,5
software.\\n-\\tdismantles,5
iron,5
bardstown,5
front,5
can,5
savvy,5
\\r\\rwith,5
david,5
urbana,5
troy,5
georgia,5
chapter,5
emcor,5
in\\r,5
desirabl,5
purchasing,5
"b""adecco",5
pharmaceutical,5
variable,5
ain,5
